{
  "FlowlayoutTags": 10.575374126434326, 
  "AndroidCountUpTimerView": 8.864964962005615
}